{
    "metrics": {
        "http_req_failed": {
            "passes": 29,
            "fails": 29,
            "thresholds": {
                "rate<0.6": false
            },
            "value": 0.5
        },
        "http_reqs": {
            "count": 58,
            "rate": 1.8920207450288378
        },
        "http_req_tls_handshaking": {
            "avg": 0,
            "min": 0,
            "med": 0,
            "max": 0,
            "p(90)": 0,
            "p(95)": 0
        },
        "http_req_blocked": {
            "avg": 0.020637931034482745,
            "min": 0.002,
            "med": 0.006,
            "max": 0.806,
            "p(90)": 0.011300000000000001,
            "p(95)": 0.014
        },
        "vus": {
            "value": 1,
            "min": 1,
            "max": 1
        },
        "iteration_duration": {
            "max": 1075.504167,
            "p(90)": 1062.7776996,
            "p(95)": 1070.4596088,
            "avg": 1057.0139123448275,
            "min": 1039.429667,
            "med": 1058.352708
        },
        "http_req_receiving": {
            "max": 3.781,
            "p(90)": 2.7159,
            "p(95)": 2.88225,
            "avg": 1.7795172413793099,
            "min": 0.849,
            "med": 1.7365
        },
        "data_sent": {
            "count": 4466,
            "rate": 145.6855973672205
        },
        "http_req_connecting": {
            "p(90)": 0,
            "p(95)": 0,
            "avg": 0.0023448275862068967,
            "min": 0,
            "med": 0,
            "max": 0.136
        },
        "http_req_sending": {
            "avg": 0.020362068965517243,
            "min": 0.007,
            "med": 0.0195,
            "max": 0.063,
            "p(90)": 0.032,
            "p(95)": 0.03459999999999999
        },
        "http_req_waiting": {
            "min": 14.926,
            "med": 22.536,
            "max": 39.558,
            "p(90)": 36.9288,
            "p(95)": 38.15769999999999,
            "avg": 26.11953448275862
        },
        "http_req_duration": {
            "max": 43.37,
            "p(90)": 39.3173,
            "p(95)": 40.0835,
            "avg": 27.91941379310344,
            "min": 16.242,
            "med": 24.820500000000003,
            "thresholds": {
                "p(95)<500": false
            }
        },
        "http_req_duration{expected_response:true}": {
            "med": 37.41,
            "max": 43.37,
            "p(90)": 40.133,
            "p(95)": 41.184799999999996,
            "avg": 35.51472413793104,
            "min": 20.913
        },
        "checks": {
            "passes": 58,
            "fails": 0,
            "thresholds": {
                "rate==1.0": false
            },
            "value": 1
        },
        "iterations": {
            "count": 29,
            "rate": 0.9460103725144189
        },
        "data_received": {
            "count": 2616932,
            "rate": 85367.06262637598
        },
        "vus_max": {
            "value": 1,
            "min": 1,
            "max": 1
        }
    },
    "root_group": {
        "name": "",
        "path": "",
        "id": "d41d8cd98f00b204e9800998ecf8427e",
        "groups": {},
        "checks": {
                "home returns 200": {
                    "name": "home returns 200",
                    "path": "::home returns 200",
                    "id": "5ca254eb240de3ec1e80b87b1e760dfc",
                    "passes": 29,
                    "fails": 0
                },
                "missing route returns 404": {
                    "name": "missing route returns 404",
                    "path": "::missing route returns 404",
                    "id": "bf7f4681c2fd7c05f180072d4faa8c22",
                    "passes": 29,
                    "fails": 0
                }
            }
    }
}