{
    "root_group": {
        "checks": {
            "home returns 200": {
                "name": "home returns 200",
                "path": "::home returns 200",
                "id": "5ca254eb240de3ec1e80b87b1e760dfc",
                "passes": 5,
                "fails": 0
            },
            "missing route returns 404": {
                "name": "missing route returns 404",
                "path": "::missing route returns 404",
                "id": "bf7f4681c2fd7c05f180072d4faa8c22",
                "passes": 5,
                "fails": 0
            }
        },
        "name": "",
        "path": "",
        "id": "d41d8cd98f00b204e9800998ecf8427e",
        "groups": {}
    },
    "metrics": {
        "vus": {
            "value": 1,
            "min": 1,
            "max": 1
        },
        "iterations": {
            "count": 5,
            "rate": 0.8927471436555139
        },
        "http_req_duration{expected_response:true}": {
            "max": 337.152,
            "p(90)": 215.84840000000003,
            "p(95)": 276.50019999999995,
            "avg": 92.98320000000001,
            "min": 28.742,
            "med": 33.406
        },
        "data_received": {
            "rate": 75327.32574022129,
            "count": 421885
        },
        "http_req_connecting": {
            "med": 0,
            "max": 0.111,
            "p(90)": 0.011100000000000023,
            "p(95)": 0.06104999999999996,
            "avg": 0.0111,
            "min": 0
        },
        "http_req_waiting": {
            "max": 333.881,
            "p(90)": 80.18540000000006,
            "p(95)": 207.03319999999985,
            "avg": 57.57220000000001,
            "min": 16.271,
            "med": 28.2915
        },
        "vus_max": {
            "value": 1,
            "min": 1,
            "max": 1
        },
        "http_reqs": {
            "count": 10,
            "rate": 1.7854942873110278
        },
        "http_req_sending": {
            "p(90)": 0.033,
            "p(95)": 0.04199999999999999,
            "avg": 0.0224,
            "min": 0.01,
            "med": 0.02,
            "max": 0.051
        },
        "iteration_duration": {
            "max": 1392.585625,
            "p(90)": 1257.430875,
            "p(95)": 1325.0082499999999,
            "avg": 1120.1051,
            "min": 1047.711208,
            "med": 1053.387042
        },
        "http_req_duration": {
            "p(95)": 209.51714999999987,
            "avg": 59.427099999999996,
            "min": 17.51,
            "med": 30.2325,
            "max": 337.152,
            "p(90)": 81.88230000000006
        },
        "http_req_failed": {
            "passes": 5,
            "fails": 5,
            "value": 0.5
        },
        "http_req_blocked": {
            "avg": 0.0628,
            "min": 0.002,
            "med": 0.0045000000000000005,
            "max": 0.587,
            "p(90)": 0.06500000000000011,
            "p(95)": 0.32599999999999973
        },
        "data_sent": {
            "count": 770,
            "rate": 137.48306012294913
        },
        "http_req_tls_handshaking": {
            "avg": 0,
            "min": 0,
            "med": 0,
            "max": 0,
            "p(90)": 0,
            "p(95)": 0
        },
        "http_req_receiving": {
            "max": 3.242,
            "p(90)": 2.1881000000000004,
            "p(95)": 2.7150499999999997,
            "avg": 1.8325,
            "min": 1.153,
            "med": 1.8395000000000001
        },
        "checks": {
            "passes": 10,
            "fails": 0,
            "value": 1
        }
    }
}