{
    "root_group": {
        "name": "",
        "path": "",
        "id": "d41d8cd98f00b204e9800998ecf8427e",
        "groups": {},
        "checks": {
                "home returns 200": {
                    "passes": 29,
                    "fails": 0,
                    "name": "home returns 200",
                    "path": "::home returns 200",
                    "id": "5ca254eb240de3ec1e80b87b1e760dfc"
                },
                "missing route returns 404": {
                    "name": "missing route returns 404",
                    "path": "::missing route returns 404",
                    "id": "bf7f4681c2fd7c05f180072d4faa8c22",
                    "passes": 29,
                    "fails": 0
                }
            }
    },
    "metrics": {
        "http_req_receiving": {
            "max": 5.989,
            "p(90)": 2.2997,
            "p(95)": 3.037899999999999,
            "avg": 1.7127586206896555,
            "min": 0.852,
            "med": 1.589
        },
        "http_req_failed": {
            "passes": 29,
            "fails": 29,
            "thresholds": {
                "rate<0.6": false
            },
            "value": 0.5
        },
        "http_req_tls_handshaking": {
            "avg": 0,
            "min": 0,
            "med": 0,
            "max": 0,
            "p(90)": 0,
            "p(95)": 0
        },
        "http_req_blocked": {
            "min": 0.002,
            "med": 0.007,
            "max": 0.777,
            "p(90)": 0.013300000000000001,
            "p(95)": 0.016899999999999984,
            "avg": 0.02113793103448274
        },
        "http_req_connecting": {
            "med": 0,
            "max": 0.116,
            "p(90)": 0,
            "p(95)": 0,
            "avg": 0.002,
            "min": 0
        },
        "checks": {
            "passes": 58,
            "fails": 0,
            "thresholds": {
                "rate==1.0": false
            },
            "value": 1
        },
        "http_req_duration": {
            "min": 12.251,
            "med": 25.564500000000002,
            "max": 47.421,
            "p(90)": 37.5647,
            "p(95)": 38.22595,
            "avg": 26.462137931034476,
            "thresholds": {
                "p(95)<500": false
            }
        },
        "http_req_waiting": {
            "avg": 24.725793103448275,
            "min": 11.351,
            "med": 24.3125,
            "max": 41.393,
            "p(90)": 34.8133,
            "p(95)": 36.2816
        },
        "iteration_duration": {
            "avg": 1054.188451,
            "min": 1027.052959,
            "med": 1054.615166,
            "max": 1084.814875,
            "p(90)": 1064.0839412,
            "p(95)": 1065.8801418
        },
        "data_received": {
            "count": 2446950,
            "rate": 80037.06050022648
        },
        "data_sent": {
            "count": 4466,
            "rate": 146.07797960481884
        },
        "http_req_sending": {
            "avg": 0.023586206896551717,
            "min": 0.008,
            "med": 0.022,
            "max": 0.136,
            "p(90)": 0.035,
            "p(95)": 0.03915
        },
        "vus": {
            "value": 1,
            "min": 1,
            "max": 1
        },
        "vus_max": {
            "value": 1,
            "min": 1,
            "max": 1
        },
        "http_req_duration{expected_response:true}": {
            "p(90)": 38.299600000000005,
            "p(95)": 40.1584,
            "avg": 34.032758620689656,
            "min": 13.565,
            "med": 35.335,
            "max": 47.421
        },
        "http_reqs": {
            "count": 58,
            "rate": 1.8971166182444006
        },
        "iterations": {
            "count": 29,
            "rate": 0.9485583091222003
        }
    }
}