{
    "metrics": {
        "http_req_sending": {
            "avg": 0.026017241379310344,
            "min": 0.006,
            "med": 0.021,
            "max": 0.107,
            "p(90)": 0.044,
            "p(95)": 0.04615
        },
        "iteration_duration": {
            "avg": 1066.7449310344825,
            "min": 1034.198292,
            "med": 1056.552416,
            "max": 1367.869833,
            "p(90)": 1066.9767672,
            "p(95)": 1069.513825
        },
        "http_req_connecting": {
            "p(95)": 0,
            "avg": 0.0026379310344827587,
            "min": 0,
            "med": 0,
            "max": 0.153,
            "p(90)": 0
        },
        "http_req_failed": {
            "passes": 29,
            "fails": 29,
            "thresholds": {
                "rate<0.6": false
            },
            "value": 0.5
        },
        "iterations": {
            "count": 29,
            "rate": 0.9373834028381578
        },
        "data_received": {
            "count": 2616951,
            "rate": 84589.18736002482
        },
        "http_req_waiting": {
            "p(95)": 39.74434999999999,
            "avg": 30.816862068965523,
            "min": 13.222,
            "med": 24.064999999999998,
            "max": 315.104,
            "p(90)": 36.8066
        },
        "vus": {
            "value": 1,
            "min": 1,
            "max": 1
        },
        "vus_max": {
            "value": 1,
            "min": 1,
            "max": 1
        },
        "data_sent": {
            "count": 4466,
            "rate": 144.3570440370763
        },
        "http_req_duration{expected_response:true}": {
            "min": 19.326,
            "med": 37.165,
            "max": 318.013,
            "p(90)": 40.939800000000005,
            "p(95)": 43.6948,
            "avg": 45.02251724137931
        },
        "http_req_receiving": {
            "min": 0.954,
            "med": 1.9005,
            "max": 4.711,
            "p(90)": 2.7947,
            "p(95)": 3.7897499999999993,
            "avg": 1.9080689655172411
        },
        "http_req_tls_handshaking": {
            "avg": 0,
            "min": 0,
            "med": 0,
            "max": 0,
            "p(90)": 0,
            "p(95)": 0
        },
        "checks": {
            "passes": 58,
            "fails": 0,
            "thresholds": {
                "rate==1.0": false
            },
            "value": 1
        },
        "http_req_duration": {
            "med": 25.078000000000003,
            "max": 318.013,
            "p(90)": 40.0662,
            "p(95)": 43.68895,
            "avg": 32.750948275862065,
            "min": 14.21,
            "thresholds": {
                "p(95)<500": false
            }
        },
        "http_reqs": {
            "rate": 1.8747668056763156,
            "count": 58
        },
        "http_req_blocked": {
            "avg": 0.017068965517241384,
            "min": 0.002,
            "med": 0.006,
            "max": 0.569,
            "p(90)": 0.014,
            "p(95)": 0.014
        }
    },
    "root_group": {
        "name": "",
        "path": "",
        "id": "d41d8cd98f00b204e9800998ecf8427e",
        "groups": {},
        "checks": {
                "home returns 200": {
                    "name": "home returns 200",
                    "path": "::home returns 200",
                    "id": "5ca254eb240de3ec1e80b87b1e760dfc",
                    "passes": 29,
                    "fails": 0
                },
                "missing route returns 404": {
                    "name": "missing route returns 404",
                    "path": "::missing route returns 404",
                    "id": "bf7f4681c2fd7c05f180072d4faa8c22",
                    "passes": 29,
                    "fails": 0
                }
            }
    }
}